dataset,k_name,k,n,L,linear_regret,linear_regret_per_k
ICLR,k10pct,371,3710,1.2517735499297202,23.32246923676786,0.06286379848185407
ICLR,k10pct,371,3710,1.5851051469785928,19.404983201745438,0.0523045369319284
ICLR,k10pct,371,3710,1.9184367440274654,16.493292245773034,0.04445631333092462
ICLR,k10pct,371,3710,2.251768341076338,13.948497965032004,0.03759702955534233
ICLR,k10pct,371,3710,2.585099938125211,11.788703126875589,0.031775480126349294
ICLR,k10pct,371,3710,2.9184315351740833,10.304362798900513,0.027774562800270925
ICLR,k10pct,371,3710,3.2517631322229557,8.979559713422645,0.02420366499574837
ICLR,k10pct,371,3710,3.576495856942058,7.867583305830863,0.02120642400493494
ICLR,k10pct,371,3710,3.5850947292718285,7.841237940061205,0.02113541223736174
ICLR,k10pct,371,3710,3.9184263263207013,6.819971137854736,0.018382671530605757
ICLR,k10pct,371,3710,4.251757923369574,5.955707516108987,0.016053119989512095
ICLR,k10pct,371,3710,4.300111258269761,5.846545525179465,0.015758882817195324
ICLR,k10pct,371,3710,4.585089520418446,5.235826730323083,0.014112740513000224
ICLR,k10pct,371,3710,4.918421117467319,4.589133183671493,0.012369631222834212
ICLR,k10pct,371,3710,5.251752714516192,3.9465900024715665,0.01063770890154061
ICLR,k10pct,371,3710,5.585084311565065,3.538525721250096,0.009537805178571687
ICLR,k10pct,371,3710,5.66048126817414,3.4818311323697344,0.009384989575120578
ICLR,k10pct,371,3710,5.9184159086139365,3.287877701681964,0.00886220404766028
ICLR,k10pct,371,3710,6.251747505662809,3.037229682113889,0.008186602916749027
ICLR,k10pct,371,3710,6.585079102711682,2.7865816625457,0.007511001785837466
ICLR,k10pct,371,3710,6.918410699760555,2.5359336429775112,0.006835400654925906
ICLR,k10pct,371,3710,7.251742296809428,2.28568832326323,0.006160884968364501
ICLR,k10pct,371,3710,7.5850738938583,2.0393095081586807,0.005496791127112347
ICLR,k10pct,371,3710,7.614825614324203,2.017318812705298,0.005437517015378162
ICLR,k10pct,371,3710,7.918405490907173,1.793384949700794,0.0048339216973067225
ICLR,k10pct,371,3710,8.251737087956045,1.5524023144743069,0.004184372815294627
ICLR,k10pct,371,3710,8.585068685004916,1.4989135651374,0.004040198288780054
ICLR,k10pct,371,3710,8.91840028205379,1.4651893899383595,0.003949297547003665
ICLR,k10pct,371,3710,9.251731879102662,1.431465214739319,0.003858396805227275
ICLR,k10pct,371,3710,9.569169960474266,1.399349035037801,0.0037718302831207576
ICLR,k10pct,371,3710,9.585063476151534,1.3977410395402785,0.0037674960634508856
ICLR,k10pct,371,3710,9.918395073200408,1.364016864341238,0.003676595321674496
ICLR,k10pct,371,3710,10.25172667024928,1.3305242446866146,0.003586318718831845
ICLR,k10pct,371,3710,10.585058267298152,1.2976073217926682,0.003497593859279429
ICLR,k10pct,371,3710,10.918389864347025,1.2646903988986082,0.003408868999726707
ICLR,k10pct,371,3710,11.251721461395897,1.231773476004605,0.0033201441401741376
ICLR,k10pct,371,3710,11.585053058444771,1.198856553110545,0.003231419280621415
ICLR,k10pct,371,3710,11.918384655493643,1.165939630216542,0.003142694421068846
ICLR,k10pct,371,3710,12.251716252542515,1.1330227073225387,0.0030539695615162767
ICLR,k10pct,371,3710,12.585047849591389,1.1001057844284787,0.0029652447019635547
ICLR,k10pct,371,3710,12.91837944664026,1.0674801843617843,0.0028773050791422758
ICLR,k33pct,1237,3710,1.0597734437569564,69.50383748838453,0.05618741914986623
ICLR,k33pct,1237,3710,1.4697102635477792,57.737071004465406,0.046675077610723856
ICLR,k33pct,1237,3710,1.879647083338602,47.44881099762097,0.03835797170381647
ICLR,k33pct,1237,3710,2.289583903129425,38.446605935190746,0.031080522178812246
ICLR,k33pct,1237,3710,2.699520722920248,30.45125086526309,0.024617017676041304
ICLR,k33pct,1237,3710,3.027924125019876,26.39547927641297,0.021338301759428434
ICLR,k33pct,1237,3710,3.1094575427110707,25.43019793778035,0.02055796114614418
ICLR,k33pct,1237,3710,3.3188071902624534,22.96858966972468,0.018567978714409603
ICLR,k33pct,1237,3710,3.5193943625018935,20.620098540468916,0.016669441018972445
ICLR,k33pct,1237,3710,3.9293311822927164,16.052927530972397,0.012977306007253353
ICLR,k33pct,1237,3710,4.339268002083539,13.940734229113218,0.011269793232912868
ICLR,k33pct,1237,3710,4.749204821874362,12.24991451109122,0.00990292199764852
ICLR,k33pct,1237,3710,5.159141641665185,10.662940195073588,0.00862000015769894
ICLR,k33pct,1237,3710,5.439164811269384,9.798586335735308,0.007921250069309061
ICLR,k33pct,1237,3710,5.569078461456008,9.398947247597107,0.007598178858202997
ICLR,k33pct,1237,3710,5.979015281246831,8.270679164769604,0.0066860785487223955
ICLR,k33pct,1237,3710,6.3889521010376535,7.244325077469057,0.0058563662711956805
ICLR,k33pct,1237,3710,6.798888920828476,6.620100360864626,0.005351738367715947
ICLR,k33pct,1237,3710,7.208825740619299,6.064081657426414,0.004902248712551668
ICLR,k33pct,1237,3710,7.618762560410122,5.510785006995093,0.004454959585283018
ICLR,k33pct,1237,3710,8.028699380200944,4.967710751905543,0.00401593431843617
ICLR,k33pct,1237,3710,8.426086900610898,4.510795676307794,0.003646560773086333
ICLR,k33pct,1237,3710,8.438636199991768,4.496366526470638,0.0036348961410433613
ICLR,k33pct,1237,3710,8.848573019782592,4.0250223010359605,0.0032538579636507362
ICLR,k33pct,1237,3710,9.258509839573414,3.553678075601283,0.0028728197862581107
ICLR,k33pct,1237,3710,9.668446659364236,3.0823338501663784,0.0024917816088653017
ICLR,k33pct,1237,3710,10.07838347915506,2.6637631229028784,0.00215340591988915
ICLR,k33pct,1237,3710,10.488320298945883,2.366317492457256,0.0019129486600301178
ICLR,k33pct,1237,3710,10.898257118736705,2.272473706695564,0.0018370846456714342
ICLR,k33pct,1237,3710,11.308193938527527,2.1786299209334175,0.0017612206313123828
ICLR,k33pct,1237,3710,11.413008989952411,2.154635391153306,0.0017418232749824623
ICLR,k33pct,1237,3710,11.71813075831835,2.0847861351714982,0.0016853566169535152
ICLR,k33pct,1237,3710,12.128067578109174,1.990942349409579,0.0016094926025946475
ICLR,k33pct,1237,3710,12.538004397899996,1.8970985636476598,0.00153362858823578
ICLR,k33pct,1237,3710,12.947941217690818,1.8032547778852859,0.0014577645738765449
ICLR,k33pct,1237,3710,13.357878037481642,1.7094109921238214,0.0013819005595180449
ICLR,k33pct,1237,3710,13.767814857272466,1.6155672063614475,0.0013060365451588096
ICLR,k33pct,1237,3710,14.177751677063288,1.5217234205997556,0.0012301725308001257
ICLR,k33pct,1237,3710,14.58768849685411,1.427879634837609,0.0011543085164410743
ICLR,k33pct,1237,3710,14.997625316644934,1.3340358490756898,0.0010784445020822068
ICLR,k33pct,1237,3710,15.407562136435756,1.2401920633137706,0.0010025804877233392
ICLR,k50pct,1855,3710,1.370297247689471,65.86318553783121,0.035505760397752675
ICLR,k50pct,1855,3710,1.769210151286526,54.72204324718086,0.029499753772065155
ICLR,k50pct,1855,3710,2.168123054883581,45.30429780196255,0.024422802049575497
ICLR,k50pct,1855,3710,2.567035958480636,37.45465433940171,0.020191188323127607
ICLR,k50pct,1855,3710,2.9659488620776906,31.011385556587584,0.016717728062850448
ICLR,k50pct,1855,3710,3.3648617656747453,26.212322096394473,0.014130631857894595
ICLR,k50pct,1855,3710,3.7637746692718004,22.484063199944103,0.012120788787031862
ICLR,k50pct,1855,3710,3.915134993398489,21.176918809095696,0.01141612873805698
ICLR,k50pct,1855,3710,4.162687572868855,19.21778591853922,0.010359992408916023
ICLR,k50pct,1855,3710,4.561600476465911,16.247210504345276,0.00875860404546915
ICLR,k50pct,1855,3710,4.940364141122334,14.02074962976144,0.0075583555955587274
ICLR,k50pct,1855,3710,4.960513380062965,13.907809455748293,0.0074974714047160605
ICLR,k50pct,1855,3710,5.35942628366002,12.154963431947635,0.006552540933664494
ICLR,k50pct,1855,3710,5.758339187257075,11.00196395219018,0.0059309778718006365
ICLR,k50pct,1855,3710,6.157252090854129,9.848964472432954,0.005309414809936902
ICLR,k50pct,1855,3710,6.556164994451185,8.6959649926755,0.004687851748073045
ICLR,k50pct,1855,3710,6.9550778980482395,7.548315241275759,0.004069172636806339
ICLR,k50pct,1855,3710,7.353990801645294,6.4048886793086695,0.0034527701775248893
ICLR,k50pct,1855,3710,7.75290370524235,5.609460186592969,0.0030239677555757246
ICLR,k50pct,1855,3710,8.151816608839404,5.263284632664636,0.0028373502062882133
ICLR,k50pct,1855,3710,8.55072951243646,4.917109078736075,0.0026507326570005796
ICLR,k50pct,1855,3710,8.949642416033514,4.673536336491225,0.002519426596491226
ICLR,k50pct,1855,3710,9.348555319630568,4.456517642120161,0.002402435386587688
ICLR,k50pct,1855,3710,9.747468223227624,4.239498947748871,0.0022854441766840274
ICLR,k50pct,1855,3710,10.146381126824679,4.02248025337758,0.0021684529667803667
ICLR,k50pct,1855,3710,10.162478082991262,4.013723102683343,0.0021637321308266002
ICLR,k50pct,1855,3710,10.545294030421735,3.805461559006062,0.002051461756876583
ICLR,k50pct,1855,3710,10.759849735416516,3.688737836739847,0.0019885379173799713
ICLR,k50pct,1855,3710,10.944206934018789,3.5884428646347715,0.0019344705469729227
ICLR,k50pct,1855,3710,11.343119837615843,3.371424170263708,0.0018174793370693844
ICLR,k50pct,1855,3710,11.357221387841772,3.3637525707963505,0.0018133437039333426
ICLR,k50pct,1855,3710,11.742032741212899,3.196649451840358,0.0017232611600217563
ICLR,k50pct,1855,3710,12.140945644809953,3.062894609934574,0.0016511561239539482
ICLR,k50pct,1855,3710,12.539858548407008,2.9291397680290174,0.0015790510878862629
ICLR,k50pct,1855,3710,12.938771452004064,2.7983709532068133,0.0015085557699228104
ICLR,k50pct,1855,3710,13.337684355601118,2.6681244445785524,0.001438342018640729
ICLR,k50pct,1855,3710,13.736597259198174,2.537877935950746,0.0013681282673588928
ICLR,k50pct,1855,3710,14.135510162795228,2.40763142732294,0.0012979145160770566
ICLR,k50pct,1855,3710,14.534423066392282,2.277384918695134,0.0012277007647952204
ICLR,k50pct,1855,3710,14.933335969989338,2.1503774856494147,0.0011592331459026495
ICLR,k50pct,1855,3710,15.332248873586392,2.047327382466392,0.0011036805296314781
NeurIPS,k10pct,403,4034,1.3258180962282624,22.810410273199494,0.05660151432555706
NeurIPS,k10pct,403,4034,1.7271404205507148,18.972192156779215,0.04707739989275239
NeurIPS,k10pct,403,4034,2.128462744873167,16.222691740754698,0.0402548182152722
NeurIPS,k10pct,403,4034,2.5297850691956194,13.874656357241605,0.03442842768546304
NeurIPS,k10pct,403,4034,2.931107393518072,11.548939651368187,0.02865741848974736
NeurIPS,k10pct,403,4034,3.332429717840524,10.020195983652059,0.0248640098849927
NeurIPS,k10pct,403,4034,3.733752042162976,8.857392797934779,0.02197864217849821
NeurIPS,k10pct,403,4034,3.7880517035093213,8.70294387114933,0.021595394221214217
NeurIPS,k10pct,403,4034,3.8465092512126455,8.53666833127636,0.021182799829469877
NeurIPS,k10pct,403,4034,4.135074366485429,7.752313103487495,0.019236508941656315
NeurIPS,k10pct,403,4034,4.536396690807881,6.675067753878238,0.016563443558010517
NeurIPS,k10pct,403,4034,4.937719015130334,5.709773523067611,0.014168172513815412
NeurIPS,k10pct,403,4034,5.339041339452786,4.789455039799691,0.011884503820842905
NeurIPS,k10pct,403,4034,5.740363663775239,4.0770212419031395,0.010116678019610768
NeurIPS,k10pct,403,4034,5.779110691688948,4.032028503857532,0.010005033508331346
NeurIPS,k10pct,403,4034,6.141685988097691,3.6110089776768177,0.008960320043863072
NeurIPS,k10pct,403,4034,6.5430083124201435,3.2227036293562037,0.007996783199395046
NeurIPS,k10pct,403,4034,6.944330636742595,2.8839151877795075,0.007156117091264287
NeurIPS,k10pct,403,4034,7.345652961065048,2.6317519788798336,0.006530401932704302
NeurIPS,k10pct,403,4034,7.7469752853875,2.436288835318919,0.00604538172535712
NeurIPS,k10pct,403,4034,8.148297609709951,2.2408256917580047,0.005560361518009938
NeurIPS,k10pct,403,4034,8.549619934032405,2.045362548197204,0.0050753413106630375
NeurIPS,k10pct,403,4034,8.582925511590435,2.0291411408818476,0.0050350896796075625
NeurIPS,k10pct,403,4034,8.950942258354857,1.8586354301038455,0.004611998585865622
NeurIPS,k10pct,403,4034,9.352264582677309,1.6847746196463618,0.004180582182745315
NeurIPS,k10pct,403,4034,9.753586906999763,1.5109138091887644,0.0037491657796247255
NeurIPS,k10pct,403,4034,10.154909231322215,1.3370529987312239,0.0033177493765042775
NeurIPS,k10pct,403,4034,10.556231555644667,1.163192188273797,0.0028863329733841117
NeurIPS,k10pct,403,4034,10.957553879967119,0.9893313778162565,0.0024549165702636637
NeurIPS,k10pct,403,4034,11.35887620428957,0.8612183227592141,0.002137018170618397
NeurIPS,k10pct,403,4034,11.386740331491922,0.8577166053986502,0.002128329045654219
NeurIPS,k10pct,403,4034,11.760198528612024,0.810783678241819,0.0020118701693345384
NeurIPS,k10pct,403,4034,12.161520852934476,0.7603490337244239,0.0018867221680506795
NeurIPS,k10pct,403,4034,12.562843177256928,0.7099143892070288,0.0017615741667668207
NeurIPS,k10pct,403,4034,12.96416550157938,0.6594797446895768,0.0016364261654828209
NeurIPS,k10pct,403,4034,13.365487825901834,0.6090451001722386,0.0015112781641991031
NeurIPS,k10pct,403,4034,13.766810150224286,0.5586104556548435,0.0013861301629152444
NeurIPS,k10pct,403,4034,14.168132474546738,0.5081758111373347,0.0012609821616311034
NeurIPS,k10pct,403,4034,14.56945479886919,0.4577411666199964,0.0011358341603473856
NeurIPS,k10pct,403,4034,14.970777123191642,0.4453852058879306,0.0011051742081586368
NeurIPS,k10pct,403,4034,15.372099447514096,0.43874701530768334,0.0010887022712349462
NeurIPS,k33pct,1345,4034,1.2853139770103166,64.3539904923415,0.047846833079807805
NeurIPS,k33pct,1345,4034,1.4946321315695348,58.99589858577792,0.043863121625113695
NeurIPS,k33pct,1345,4034,1.7380385249651422,53.09526321765418,0.03947603213208489
NeurIPS,k33pct,1345,4034,2.021084553488653,46.81070207165419,0.03480349596405516
NeurIPS,k33pct,1345,4034,2.3502256789344482,40.39618056327424,0.030034334991281966
NeurIPS,k33pct,1345,4034,2.7329686590244373,33.796632752522555,0.02512760799444056
NeurIPS,k33pct,1345,4034,3.178042754854163,27.7615204192208,0.020640535627673456
NeurIPS,k33pct,1345,4034,3.672325648600905,22.690889123610418,0.01687054953428284
NeurIPS,k33pct,1345,4034,3.695598820107337,22.458865922784412,0.016698041578278373
NeurIPS,k33pct,1345,4034,4.0299370822699725,19.362860777729452,0.01439617901689922
NeurIPS,k33pct,1345,4034,4.297440812688333,17.742787848546527,0.013191663827915633
NeurIPS,k33pct,1345,4034,4.997295008883826,14.12404251702003,0.010501146852802996
NeurIPS,k33pct,1345,4034,5.811123060050471,10.812497103659439,0.008039031303836014
NeurIPS,k33pct,1345,4034,6.757486031746776,8.283557816902544,0.006158779046024196
NeurIPS,k33pct,1345,4034,7.857967727989606,6.589397198183406,0.004899180072998815
NeurIPS,k33pct,1345,4034,9.137666955437963,5.257488731864669,0.003908913555289717
NeurIPS,k33pct,1345,4034,10.530538922154904,4.499091971363669,0.0033450497928354415
NeurIPS,k33pct,1345,4034,10.625769954627296,4.451400136439929,0.003309591179509241
NeurIPS,k33pct,1345,4034,12.356216053756212,3.584790297593827,0.0026652715967240346
NeurIPS,k33pct,1345,4034,14.368471726664433,2.656275981733984,0.0019749263804713633
NeurIPS,k33pct,1345,4034,16.7084307090272,1.5949245831508279,0.001185817533941136
NeurIPS,k33pct,1345,4034,19.429460701814772,0.8052328463528511,0.0005986861311173614
NeurIPS,k33pct,1345,4034,22.59362053429754,0.21319834587222886,0.00015851178131764227
NeurIPS,k33pct,1345,4034,26.273075546566858,0.20365040661806688,0.0001514129417234698
NeurIPS,k33pct,1345,4034,30.55174347235581,0.19254754999712986,0.000143158029737643
NeurIPS,k33pct,1345,4034,35.5272083599899,0.17963655194182593,0.0001335587746779375
NeurIPS,k33pct,1345,4034,41.312946182472345,0.16462294990378723,0.00012239624528162619
NeurIPS,k33pct,1345,4034,48.04091289643737,0.147164327016867,0.00010941585651811672
NeurIPS,k33pct,1345,4034,55.86455397611553,0.1268625025544452,9.432156323750573e-05
NeurIPS,k33pct,1345,4034,64.96230406108211,0.1032544505817441,7.676910823921494e-05
NeurIPS,k33pct,1345,4034,75.54165653463836,0.07728177015553683,5.745856517140285e-05
NeurIPS,k33pct,1345,4034,87.84389584814568,0.04799072417119987,3.568083581501849e-05
NeurIPS,k33pct,1345,4034,98.81087997787229,0.021878857195474666,1.6266808323772984e-05
NeurIPS,k33pct,1345,4034,102.14960052195269,0.01392952256674107,1.0356522354454327e-05
NeurIPS,k33pct,1345,4034,118.78504233046023,1.1368683772161603e-13,8.452552990454723e-17
NeurIPS,k33pct,1345,4034,138.12962761823928,-1.1368683772161603e-13,-8.452552990454723e-17
NeurIPS,k33pct,1345,4034,160.62455046211483,0.0,0.0
NeurIPS,k33pct,1345,4034,186.78285503283064,-1.1368683772161603e-13,-8.452552990454723e-17
NeurIPS,k33pct,1345,4034,187.09122103358968,-1.1368683772161603e-13,-8.452552990454723e-17
NeurIPS,k33pct,1345,4034,217.2011366496813,3.410605131648481e-13,2.535765897136417e-16
NeurIPS,k33pct,1345,4034,252.57314839534607,-1.1368683772161603e-13,-8.452552990454723e-17
NeurIPS,k50pct,2017,4034,1.066636105324106,77.42580545229748,0.03838661648601759
NeurIPS,k50pct,2017,4034,1.3313947625583815,70.34650972485224,0.03487680204504325
NeurIPS,k50pct,2017,4034,1.66187137761408,61.6321219676845,0.030556332160478185
NeurIPS,k50pct,2017,4034,2.074378353739254,51.299011779951115,0.025433322647472046
NeurIPS,k50pct,2017,4034,2.5892771320484416,40.53227836405745,0.020095328886493527
NeurIPS,k50pct,2017,4034,3.0475317294974458,33.175236565820114,0.016447811881913788
NeurIPS,k50pct,2017,4034,3.231983237032818,30.450010546195927,0.01509668346365688
NeurIPS,k50pct,2017,4034,3.7746710562138936,24.512937217722538,0.012153166691979444
NeurIPS,k50pct,2017,4034,4.034220792811493,22.183634636729266,0.010998331500609453
NeurIPS,k50pct,2017,4034,5.035588433340422,15.164806437494008,0.007518496002723851
NeurIPS,k50pct,2017,4034,6.285513900274199,10.52282429634397,0.005217067078008909
NeurIPS,k50pct,2017,4034,7.845693807889747,6.351132536751265,0.0031488014559996357
NeurIPS,k50pct,2017,4034,9.793139002440872,4.3006858102799015,0.0021322190432721375
NeurIPS,k50pct,2017,4034,10.300840336136194,4.013787491071525,0.0019899789246760166
NeurIPS,k50pct,2017,4034,12.2239758355959,3.1017467000456236,0.0015378020327444838
NeurIPS,k50pct,2017,4034,15.258190983706973,1.9832806231147515,0.0009832824110633375
NeurIPS,k50pct,2017,4034,19.04555401830337,0.7565588466209192,0.00037509114854780327
NeurIPS,k50pct,2017,4034,23.773010067277696,0.12871497641799579,6.381506019732066e-05
NeurIPS,k50pct,2017,4034,29.67390747025548,0.004435810738186774,2.1992120665278997e-06
NeurIPS,k50pct,2017,4034,37.039515907381976,-4.547473508864641e-13,-2.2545728849105805e-16
NeurIPS,k50pct,2017,4034,46.23340353906517,-4.547473508864641e-13,-2.2545728849105805e-16
NeurIPS,k50pct,2017,4034,57.70938281566566,-2.2737367544323206e-13,-1.1272864424552902e-16
NeurIPS,k50pct,2017,4034,72.03391076650955,-2.2737367544323206e-13,-1.1272864424552902e-16
NeurIPS,k50pct,2017,4034,89.91404945174524,0.0,0.0
NeurIPS,k50pct,2017,4034,112.23236671150718,0.0,0.0
NeurIPS,k50pct,2017,4034,140.09049992155312,0.0,0.0
NeurIPS,k50pct,2017,4034,174.86353307257187,-4.547473508864641e-13,-2.2545728849105805e-16
NeurIPS,k50pct,2017,4034,218.26787123855584,-4.547473508864641e-13,-2.2545728849105805e-16
NeurIPS,k50pct,2017,4034,272.4459627339156,-4.547473508864641e-13,-2.2545728849105805e-16
NeurIPS,k50pct,2017,4034,340.07205086489364,-4.547473508864641e-13,-2.2545728849105805e-16
NeurIPS,k50pct,2017,4034,424.4841752065282,-4.547473508864641e-13,-2.2545728849105805e-16
NeurIPS,k50pct,2017,4034,529.8489380191749,-4.547473508864641e-13,-2.2545728849105805e-16
NeurIPS,k50pct,2017,4034,661.3671687135478,9.094947017729282e-13,4.509145769821161e-16
NeurIPS,k50pct,2017,4034,825.5306380105369,9.094947017729282e-13,4.509145769821161e-16
NeurIPS,k50pct,2017,4034,931.6009862633726,9.094947017729282e-13,4.509145769821161e-16
NeurIPS,k50pct,2017,4034,1030.4424932669374,4.547473508864641e-13,2.2545728849105805e-16
NeurIPS,k50pct,2017,4034,1286.2172317299635,4.547473508864641e-13,2.2545728849105805e-16
NeurIPS,k50pct,2017,4034,1605.4799544941982,4.547473508864641e-13,2.2545728849105805e-16
NeurIPS,k50pct,2017,4034,1852.9011321906091,4.547473508864641e-13,2.2545728849105805e-16
NeurIPS,k50pct,2017,4034,2003.9895444534366,4.547473508864641e-13,2.2545728849105805e-16
NeurIPS,k50pct,2017,4034,2501.4165284573223,6.821210263296962e-12,3.381859327365871e-15
Swiss NSF,k10pct,35,353,1.6470588235294126,0.8629322589941282,0.024655207399832235
Swiss NSF,k10pct,35,353,2.3201798201798214,0.46154491257356867,0.013186997502101961
Swiss NSF,k10pct,35,353,2.9933008168302297,0.23967756245621175,0.006847930355891764
Swiss NSF,k10pct,35,353,3.6664218134806386,0.18411593238115387,0.005260455210890111
Swiss NSF,k10pct,35,353,4.339542810131047,0.1441956737830985,0.004119876393802814
Swiss NSF,k10pct,35,353,4.705882352941179,0.12488598041818832,0.003568170869091095
Swiss NSF,k10pct,35,353,5.012663806781456,0.1087155835283049,0.0031061595293801402
Swiss NSF,k10pct,35,353,5.685784803431865,0.07323549327350776,0.0020924426649573647
Swiss NSF,k10pct,35,353,5.939798163014133,0.060104632790690005,0.001717275222591143
Swiss NSF,k10pct,35,353,6.358905800082274,0.0496850596180991,0.0014195731319456887
Swiss NSF,k10pct,35,353,7.032026796732682,0.04539776031859333,0.0012970788662455236
Swiss NSF,k10pct,35,353,7.705147793383091,0.04111046101910176,0.0011745846005457646
Swiss NSF,k10pct,35,353,8.3782687900335,0.03682316171959599,0.0010520903348455997
Swiss NSF,k10pct,35,353,9.051389786683908,0.03297265824732776,0.0009420759499236502
Swiss NSF,k10pct,35,353,9.36871345031696,0.03126050041620587,0.0008931571547487392
Swiss NSF,k10pct,35,353,9.724510783334317,0.029340753294157196,0.0008383072369759198
Swiss NSF,k10pct,35,353,10.397631779984726,0.02570884834099374,0.0007345385240283926
Swiss NSF,k10pct,35,353,11.070752776635135,0.022076943387830283,0.0006307698110808652
Swiss NSF,k10pct,35,353,11.688605512134927,0.01874324495686608,0.000535521284481888
Swiss NSF,k10pct,35,353,11.743873773285543,0.018445038434673933,0.0005270010981335409
Swiss NSF,k10pct,35,353,12.416994769935952,0.014813133481506924,0.0004232323851859121
Swiss NSF,k10pct,35,353,13.090115766586361,0.011181228528336362,0.00031946367223818176
Swiss NSF,k10pct,35,353,13.763236763236769,0.009661185952801077,0.00027603388436574504
Swiss NSF,k10pct,35,353,14.436357759887178,0.008843857601551264,0.00025268164575860755
Swiss NSF,k10pct,35,353,15.109478756537587,0.008026529250276582,0.0002293294071507595
Swiss NSF,k10pct,35,353,15.782599753187995,0.0072092008990161105,0.00020597716854331744
Swiss NSF,k10pct,35,353,16.455720749838402,0.006391872547752087,0.0001826249299357739
Swiss NSF,k10pct,35,353,17.128841746488813,0.005574544196488063,0.00015927269132823036
Swiss NSF,k10pct,35,353,17.80196274313922,0.004757215845224039,0.00013592045272068683
Swiss NSF,k10pct,35,353,18.475083739789632,0.0042959863750056115,0.00012274246785730318
Swiss NSF,k10pct,35,353,18.671328671328677,0.004203151758954249,0.00012009005025583568
Swiss NSF,k10pct,35,353,19.14820473644004,0.0039775632249607895,0.00011364466357030828
Swiss NSF,k10pct,35,353,19.821325733090447,0.00365914007491952,0.00010454685928341486
Swiss NSF,k10pct,35,353,20.494446729740858,0.0033407169248818036,9.544905499662297e-05
Swiss NSF,k10pct,35,353,21.167567726391265,0.003022293774833429,8.635125070952654e-05
Swiss NSF,k10pct,35,353,21.840688723041673,0.0027038706247921596,7.725344642263313e-05
Swiss NSF,k10pct,35,353,22.513809719692084,0.002385447474754443,6.815564213584123e-05
Swiss NSF,k10pct,35,353,23.18693071634249,0.0020670243247131737,5.905783784894782e-05
Swiss NSF,k10pct,35,353,23.8600517129929,0.0017486011746683516,4.99600335619529e-05
Swiss NSF,k10pct,35,353,24.53317270964331,0.0014334378321017027,4.095536663147722e-05
Swiss NSF,k10pct,35,353,25.206293706293717,0.0014027745213986975,4.007927203996279e-05
Swiss NSF,k33pct,118,353,1.8333333333333317,1.0373787618940185,0.008791345439779817
Swiss NSF,k33pct,118,353,2.1666666666666643,0.6512885099778885,0.005519394152354987
Swiss NSF,k33pct,118,353,2.4999999999999964,0.45447315748388917,0.0038514674363041455
Swiss NSF,k33pct,118,353,2.833333333333329,0.34705769364072125,0.0029411668952603496
Swiss NSF,k33pct,118,353,3.1666666666666616,0.2648011323117032,0.002244077392472061
Swiss NSF,k33pct,118,353,3.499999999999994,0.2075965789013594,0.0017592930415369441
Swiss NSF,k33pct,118,353,3.8333333333333264,0.1608567921431927,0.0013631931537558704
Swiss NSF,k33pct,118,353,4.166666666666659,0.1297744383811903,0.0010997833761117821
Swiss NSF,k33pct,118,353,4.499999999999991,0.11564990281826226,0.0009800839221886632
Swiss NSF,k33pct,118,353,4.833333333333323,0.10475767274502346,0.0008877768876696903
Swiss NSF,k33pct,118,353,5.166666666666655,0.09402941153311417,0.000796859419772154
Swiss NSF,k33pct,118,353,5.238095238095234,0.09173049841628256,0.0007773771052227335
Swiss NSF,k33pct,118,353,5.4999999999999885,0.08330115032124752,0.000705941951874979
Swiss NSF,k33pct,118,353,5.8333333333333215,0.07258508989019674,0.0006151278804253961
Swiss NSF,k33pct,118,353,5.935378735152467,0.07040743770618008,0.0005966732008998312
Swiss NSF,k33pct,118,353,6.166666666666654,0.06547174574728842,0.0005548453029431222
Swiss NSF,k33pct,118,353,6.499999999999986,0.06043556311414022,0.0005121657891028833
Swiss NSF,k33pct,118,353,6.833333333333318,0.056079931972789154,0.0004752536607863488
Swiss NSF,k33pct,118,353,7.16666666666665,0.051724300831438086,0.0004383415324698143
Swiss NSF,k33pct,118,353,7.216797153320295,0.0510692511050479,0.0004327902636021008
Swiss NSF,k33pct,118,353,7.499999999999982,0.04736866969008702,0.0004014294041532798
Swiss NSF,k33pct,118,353,7.619047619047604,0.04581308713960652,0.0003882465011831061
Swiss NSF,k33pct,118,353,7.833333333333316,0.0441456197641088,0.0003741154217297356
Swiss NSF,k33pct,118,353,8.166666666666648,0.0415852003417001,0.00035241695204830595
Swiss NSF,k33pct,118,353,8.49999999999998,0.03903854200409285,0.0003308351017296004
Swiss NSF,k33pct,118,353,8.833333333333313,0.037808360778171846,0.00032040983710315124
Swiss NSF,k33pct,118,353,9.166666666666645,0.036578179552236634,0.0003099845724765816
Swiss NSF,k33pct,118,353,9.499999999999977,0.03534799832630142,0.00029955930785001205
Swiss NSF,k33pct,118,353,9.83333333333331,0.03411781710036621,0.0002891340432234425
Swiss NSF,k33pct,118,353,9.999999999999975,0.033502726487398604,0.00028392141091015765
Swiss NSF,k33pct,118,353,10.166666666666643,0.03288763587444521,0.0002787087785969933
Swiss NSF,k33pct,118,353,10.499999999999975,0.03165745464853842,0.00026828351397066455
Swiss NSF,k33pct,118,353,10.833333333333307,0.030427273422588996,0.00025785824934397453
Swiss NSF,k33pct,118,353,11.16666666666664,0.029197092196682206,0.0002474329847176458
Swiss NSF,k33pct,118,353,11.499999999999973,0.027966910970732783,0.0002370077200909558
Swiss NSF,k33pct,118,353,11.833333333333306,0.026736729744811782,0.00022658245546450663
Swiss NSF,k33pct,118,353,12.166666666666638,0.02550654851887657,0.00021615719083793703
Swiss NSF,k33pct,118,353,12.49999999999997,0.02427636729294136,0.00020573192621136744
Swiss NSF,k33pct,118,353,12.833333333333302,0.023046186066991936,0.0001953066615846774
Swiss NSF,k33pct,118,353,13.166666666666634,0.021816004841085146,0.0001848813969583487
Swiss NSF,k33pct,118,353,13.499999999999968,0.020585823615149934,0.0001744561323317791
Swiss NSF,k50pct,176,353,1.549104250414836,1.4299841959807793,0.008124910204436247
Swiss NSF,k50pct,176,353,2.33137474121931,0.6797620484114759,0.003862284365974295
Swiss NSF,k50pct,176,353,3.113645232023784,0.39304260907633193,0.0022331966424791586
Swiss NSF,k50pct,176,353,3.895915722828258,0.2348800641542823,0.0013345458190584221
Swiss NSF,k50pct,176,353,4.426012144042389,0.18842802977147244,0.0010706138055197297
Swiss NSF,k50pct,176,353,4.678186213632732,0.17596798923418078,0.0009998181206487544
Swiss NSF,k50pct,176,353,4.974910958964755,0.16234972727676222,0.0009224416322543308
Swiss NSF,k50pct,176,353,5.460456704437206,0.140065474756085,0.0007958265611141193
Swiss NSF,k50pct,176,353,6.24272719524168,0.1066231014555683,0.0006058130764520927
Swiss NSF,k50pct,176,353,7.024997686046154,0.0755143610294624,0.00042905886948558185
Swiss NSF,k50pct,176,353,7.0274035180725365,0.07541868772349858,0.0004285152711562419
Swiss NSF,k50pct,176,353,7.807268176850628,0.05167509962566896,0.00029360852060039184
Swiss NSF,k50pct,176,353,8.589538667655102,0.03172073525101382,0.00018023145028985127
Swiss NSF,k50pct,176,353,9.371809158459575,0.018427674960008744,0.00010470269863641332
Swiss NSF,k50pct,176,353,10.154079649264048,0.014949397383787755,8.493975786243043e-05
Swiss NSF,k50pct,176,353,10.936350140068523,0.014538134570187822,8.260303733061262e-05
Swiss NSF,k50pct,176,353,11.718620630872998,0.01412687175661631,8.026631679895631e-05
Swiss NSF,k50pct,176,353,12.500891121677471,0.013715608943016377,7.792959626713851e-05
Swiss NSF,k50pct,176,353,13.283161612481944,0.013304346129444866,7.55928757354822e-05
Swiss NSF,k50pct,176,353,14.065432103286419,0.012893083315844933,7.325615520366439e-05
Swiss NSF,k50pct,176,353,14.22798747332198,0.012807623133454626,7.277058598553765e-05
Swiss NSF,k50pct,176,353,14.847702594090894,0.012481820502245,7.091943467184659e-05
Swiss NSF,k50pct,176,353,15.629973084895367,0.012070557688673489,6.858271414019028e-05
Swiss NSF,k50pct,176,353,16.41224357569984,0.011659294875073556,6.624599360837247e-05
Swiss NSF,k50pct,176,353,17.194514066504315,0.011248032061473623,6.390927307655467e-05
Swiss NSF,k50pct,176,353,17.97678455730879,0.010836769247902112,6.157255254489836e-05
Swiss NSF,k50pct,176,353,18.75905504811326,0.0104255064343306,5.9235832013242046e-05
Swiss NSF,k50pct,176,353,19.541325538917736,0.010014243620730667,5.689911148142425e-05
Swiss NSF,k50pct,176,353,20.32359602972221,0.009602980807130734,5.4562390949606446e-05
Swiss NSF,k50pct,176,353,21.105866520526686,0.00933180174152426,5.302160080411511e-05
Swiss NSF,k50pct,176,353,21.428571428571423,0.009259524387999818,5.261093402272624e-05
Swiss NSF,k50pct,176,353,21.88813701133116,0.009156593867686524,5.202610152094616e-05
Swiss NSF,k50pct,176,353,22.67040750213563,0.00898138599384879,5.103060223777721e-05
Swiss NSF,k50pct,176,353,23.452677992940107,0.008806178120011054,5.003510295460826e-05
Swiss NSF,k50pct,176,353,24.23494848374458,0.00863097024617332,4.9039603671439316e-05
Swiss NSF,k50pct,176,353,25.017218974549053,0.008455762372335585,4.804410438827037e-05
Swiss NSF,k50pct,176,353,25.799489465353528,0.00828055449849785,4.7048605105101416e-05
Swiss NSF,k50pct,176,353,26.581759956158002,0.008105346624660115,4.605310582193247e-05
Swiss NSF,k50pct,176,353,27.364030446962477,0.00793013875082238,4.505760653876352e-05
Swiss NSF,k50pct,176,353,28.146300937766952,0.007754930876984645,4.4062107255594576e-05
Swiss NSF,k50pct,176,353,28.928571428571423,0.00757972300314691,4.306660797242562e-05
